Name,Tags
gov.uscourts.azd.929139.18.0,
gov.uscourts.azd.929139.85.0,
gov.uscourts.azd.929139.206.0,
gov.uscourts.azd.929139.211.0,
gov.uscourts.azd.929139.245.0,
gov.uscourts.azd.929139.246.0,
gov.uscourts.azd.929139.248.0,
gov.uscourts.azd.929139.249.0,
gov.uscourts.azd.929139.252.0,
gov.uscourts.azd.929139.250.0,
gov.uscourts.azd.929139.251.0,
gov.uscourts.azd.929139.255.0,
gov.uscourts.azd.929139.258.0,
gov.uscourts.azd.929139.260.0,
gov.uscourts.azd.929139.262.0,
gov.uscourts.azd.929139.263.0,
gov.uscourts.azd.929139.264.0,
gov.uscourts.azd.929139.265.0,
gov.uscourts.azd.929139.300.0,
gov.uscourts.azd.929139.299.0,
gov.uscourts.azd.929139.321.0,
gov.uscourts.azd.929139.322.0,
gov.uscourts.azd.929139.342.0,
gov.uscourts.azd.929139.343.0,
gov.uscourts.azd.929139.324.0,
gov.uscourts.azd.929139.349.0,
gov.uscourts.azd.929139.345.0,
gov.uscourts.azd.929139.351.0,
gov.uscourts.azd.929139.352.0,
gov.uscourts.azd.929139.353.0,
gov.uscourts.azd.929139.354.0,
gov.uscourts.azd.929139.363.0,
gov.uscourts.azd.929139.364.0,
gov.uscourts.azd.929139.365.0,
gov.uscourts.azd.929139.386.0,
gov.uscourts.azd.929139.387.0,
gov.uscourts.azd.929139.388.0,
gov.uscourts.azd.929139.389.0,
gov.uscourts.azd.929139.390.0,
gov.uscourts.azd.929139.391.0,
gov.uscourts.azd.929139.392.0,
gov.uscourts.azd.929139.393.0,
gov.uscourts.azd.929139.394.0,
gov.uscourts.azd.929139.395.0,
gov.uscourts.azd.929139.396.0,
gov.uscourts.azd.929139.397.0,
gov.uscourts.azd.929139.398.0,
gov.uscourts.azd.929139.399.0,
gov.uscourts.azd.929139.400.0,
gov.uscourts.azd.929139.401.0,
gov.uscourts.azd.929139.441.0,
gov.uscourts.azd.929139.452.0,
gov.uscourts.azd.929139.505.0,
gov.uscourts.azd.929139.506.0,
gov.uscourts.azd.929139.505.4,
gov.uscourts.azd.929139.505.3 (1),
gov.uscourts.azd.929139.505.2,
gov.uscourts.azd.929139.505.3,
gov.uscourts.azd.929139.536.0,
gov.uscourts.azd.929139.538.0,
gov.uscourts.azd.929139.540.0,
gov.uscourts.azd.929139.541.0,
gov.uscourts.azd.929139.541.1,
gov.uscourts.azd.929139.543.0,
gov.uscourts.azd.929139.544.0,
gov.uscourts.azd.929139.548.0,
gov.uscourts.azd.929139.550.0,
gov.uscourts.azd.929139.550.2,
gov.uscourts.azd.929139.559.0,
gov.uscourts.azd.929139.559.1,
gov.uscourts.azd.929139.559.2,
gov.uscourts.azd.929139.560.0,
gov.uscourts.azd.929139.565.0,
gov.uscourts.azd.929139.570.0,
gov.uscourts.azd.929139.577.0,
gov.uscourts.azd.929139.582.0,
gov.uscourts.azd.929139.587.0,
gov.uscourts.azd.929139.588.0,
gov.uscourts.azd.929139.588.1,
gov.uscourts.azd.929139.594.0,
gov.uscourts.azd.929139.595.0,
gov.uscourts.azd.929139.606.0,
gov.uscourts.azd.929139.607.0,
gov.uscourts.azd.929139.629.0,
gov.uscourts.azd.929139.629.1,
gov.uscourts.azd.929139.629.2,
gov.uscourts.azd.929139.640.0,
gov.uscourts.azd.929139.647.0,
gov.uscourts.azd.929139.647.1,
gov.uscourts.azd.929139.659.0 (1),
gov.uscourts.azd.929139.659.0,
gov.uscourts.azd.929139.692.0,
gov.uscourts.azd.929139.693.0,
gov.uscourts.azd.929139.698.0,
gov.uscourts.azd.929139.701.0,
gov.uscourts.azd.929139.716.0,
gov.uscourts.azd.929139.734.0,
gov.uscourts.azd.929139.724.0,
,