Name,Created time,Files & media,Multi-select,Date
Joshua to IJC - 4 dec 23 - About Nana’s journey (2/2) pt2,"December 4, 2023 5:23 PM",Joshua%20CorrLinks%20Talk%2040c4680ad05544f28a21d2db3aa4d55f/CorrlinksPdf_(1).pdf,,
Joshua to IJC - 4 dec 23 - About Nana’s journey (2/2) pt1,"December 4, 2023 5:21 PM",Joshua%20CorrLinks%20Talk%2040c4680ad05544f28a21d2db3aa4d55f/CorrlinksPdf.pdf,,
IJC to Johsua - 29 nov,"November 29, 2023 3:14 PM",Joshua%20CorrLinks%20Talk%2040c4680ad05544f28a21d2db3aa4d55f/CorrlinksPdf_(1)%201.pdf,Ismaël,
Joshua to IJC - 15 Nov,"November 15, 2023 5:18 PM",Joshua%20CorrLinks%20Talk%2040c4680ad05544f28a21d2db3aa4d55f/CorrlinksPdf_(2).pdf,,
About Nana’s Journey - IJC to Joshua - 14 nov,"November 11, 2023 11:32 AM",Joshua%20CorrLinks%20Talk%2040c4680ad05544f28a21d2db3aa4d55f/CorrlinksPdf_(1)%202.pdf,Ismaël,
"A letter to Joshua Ryne Goldberg, by IJC","November 15, 2023 5:46 PM",,"Ismaël, Letter","August 31, 2023"
11/9/2023 5:20:32 PM - Joshua to IJC - Nana's Journey (1/2) - JOSHUA RYNE GOLDBERG (63197018),"November 11, 2023 12:41 AM",Joshua%20CorrLinks%20Talk%2040c4680ad05544f28a21d2db3aa4d55f/CorrlinksPdf%201.pdf,,
11/9/2023 2:50:22 PM - Joshua to IJC - Nana's Journey (2/2) JOSHUA RYNE GOLDBERG (63197018),"November 11, 2023 12:40 AM","Joshua%20CorrLinks%20Talk%2040c4680ad05544f28a21d2db3aa4d55f/Capture_decran_2023-12-04_a_17.40.34.png, Joshua%20CorrLinks%20Talk%2040c4680ad05544f28a21d2db3aa4d55f/Capture_decran_2023-12-04_a_17.40.50.png, Joshua%20CorrLinks%20Talk%2040c4680ad05544f28a21d2db3aa4d55f/Capture_decran_2023-12-04_a_17.40.59.png",,
8 - Nov - Joshua - Hawaiian Pizza,"November 9, 2023 11:38 AM","Joshua%20CorrLinks%20Talk%2040c4680ad05544f28a21d2db3aa4d55f/Capture_decran_2023-11-30_a_19.09.55.png, Joshua%20CorrLinks%20Talk%2040c4680ad05544f28a21d2db3aa4d55f/Capture_decran_2023-11-30_a_19.10.05.png, Joshua%20CorrLinks%20Talk%2040c4680ad05544f28a21d2db3aa4d55f/Capture_decran_2023-11-30_a_19.10.12.png",,
8 - Nov - Joshua - Reply to Ismael’s questions,"November 9, 2023 11:35 AM","Joshua%20CorrLinks%20Talk%2040c4680ad05544f28a21d2db3aa4d55f/Capture_decran_2023-11-30_a_19.07.30.png, Joshua%20CorrLinks%20Talk%2040c4680ad05544f28a21d2db3aa4d55f/Capture_decran_2023-11-30_a_19.08.33.png, Joshua%20CorrLinks%20Talk%2040c4680ad05544f28a21d2db3aa4d55f/Capture_decran_2023-11-30_a_19.08.43.png","ITW, Joshua, conversation",
"8 Nov - Joshua - Persona Factory Essay From February 17, 2017","November 9, 2023 11:20 AM",Joshua%20CorrLinks%20Talk%2040c4680ad05544f28a21d2db3aa4d55f/Capture_decran_2023-11-30_a_19.06.50.png,Doc,
8 Nov - Joshua - Two Kites From Other Inmates,"November 9, 2023 10:43 AM","Joshua%20CorrLinks%20Talk%2040c4680ad05544f28a21d2db3aa4d55f/Capture_decran_2023-11-30_a_19.04.04.png, Joshua%20CorrLinks%20Talk%2040c4680ad05544f28a21d2db3aa4d55f/Capture_decran_2023-11-30_a_19.05.58.png",Doc,
8 Nov - Joshua - Message for my Email Contacts,"November 6, 2023 10:27 PM",Joshua%20CorrLinks%20Talk%2040c4680ad05544f28a21d2db3aa4d55f/Capture_decran_2023-11-30_a_18.58.26.png,Doc,
6 novembre 2015 - Joshua to IJC 2,"November 6, 2023 10:27 PM",Joshua%20CorrLinks%20Talk%2040c4680ad05544f28a21d2db3aa4d55f/Capture_decran_2023-11-30_a_18.58.26%201.png,,
6 November 2015 - Joshua to IJC,"November 6, 2023 10:27 PM","Joshua%20CorrLinks%20Talk%2040c4680ad05544f28a21d2db3aa4d55f/Capture_decran_2023-11-30_a_18.54.47.png, Joshua%20CorrLinks%20Talk%2040c4680ad05544f28a21d2db3aa4d55f/Capture_decran_2023-11-30_a_18.55.50.png, Joshua%20CorrLinks%20Talk%2040c4680ad05544f28a21d2db3aa4d55f/Capture_decran_2023-11-30_a_18.28.15.png",,
Joshua to IJC - 12/11/2023 1:19:58 PM - My Hallmarks As a Director,"December 11, 2023 9:25 PM",Joshua%20CorrLinks%20Talk%2040c4680ad05544f28a21d2db3aa4d55f/CorrlinksPdf%202.pdf,,
Joshua to IJC - 12/11/2023 1:20:15 PM - Character Traits,"December 11, 2023 9:32 PM",Joshua%20CorrLinks%20Talk%2040c4680ad05544f28a21d2db3aa4d55f/CorrlinksPdf_(1)%203.pdf,,
Joshua to IJC 12/11/2023 1:20:26 PM - Personas/Accounts That I Remember,"December 11, 2023 9:50 PM",Joshua%20CorrLinks%20Talk%2040c4680ad05544f28a21d2db3aa4d55f/CorrlinksPdf_(2)%201.pdf,,
JRG to IJC - Ladybug Dust (2/2) - 12/11/2023 1:20:41 PM,"December 11, 2023 11:57 PM",Joshua%20CorrLinks%20Talk%2040c4680ad05544f28a21d2db3aa4d55f/CorrlinksPdf_(4).pdf,,
JRG to IJC - 12/11/2023 1:21:36 PM - Ladybug Dust (1/2),"December 11, 2023 11:58 PM",Joshua%20CorrLinks%20Talk%2040c4680ad05544f28a21d2db3aa4d55f/CorrlinksPdf_(3).pdf,,
JRG to IJC - 12/11/2023 1:21:54 PM - RE: Article you asked me : Alleged ringleaders ple,"December 12, 2023 12:02 AM",Joshua%20CorrLinks%20Talk%2040c4680ad05544f28a21d2db3aa4d55f/CorrlinksPdf_(6).pdf,,
"JRG to IJC - 12/11/2023 1:22:18 PM - Reply ","December 12, 2023 12:05 AM",Joshua%20CorrLinks%20Talk%2040c4680ad05544f28a21d2db3aa4d55f/CorrlinksPdf_(7).pdf,,
12/11/2023 1:22:18 PM -JRG to IJC - RE: Any missing personas ?,"December 12, 2023 12:07 AM",Joshua%20CorrLinks%20Talk%2040c4680ad05544f28a21d2db3aa4d55f/CorrlinksPdf_(8).pdf,,
12/7/2023 9:13:07 PM - IJC to JRG - Any missing personas ?,"December 13, 2023 12:01 PM",Joshua%20CorrLinks%20Talk%2040c4680ad05544f28a21d2db3aa4d55f/CorrlinksPdf_(9).pdf,Ismaël,
12/7/2023 9:17:18 PM - IJC to JRG - Article you asked me : Alleged ringleaders plead guilty in abuse of autistic woman,"December 13, 2023 12:03 PM",Joshua%20CorrLinks%20Talk%2040c4680ad05544f28a21d2db3aa4d55f/CorrlinksPdf_(10).pdf,Ismaël,
12/7/2023 9:49:51 PM - IJC to JRG - Diary. A dream diary ?,"December 13, 2023 12:04 PM",Joshua%20CorrLinks%20Talk%2040c4680ad05544f28a21d2db3aa4d55f/CorrlinksPdf_(11).pdf,Ismaël,
12/11/2023 5:35:47 PM - IJC to JRG - RE: Any missing personas ?,"December 13, 2023 12:11 PM",Joshua%20CorrLinks%20Talk%2040c4680ad05544f28a21d2db3aa4d55f/CorrlinksPdf_(12).pdf,Ismaël,
12/11/2023 7:02:18 PM - IJC to JRG - RE: Personas/Accounts That I Remember,"December 13, 2023 12:12 PM",Joshua%20CorrLinks%20Talk%2040c4680ad05544f28a21d2db3aa4d55f/CorrlinksPdf_(13).pdf,Ismaël,
12/11/2023 8:50:58 PM - IJC to JRG - More Guided Questions helped by the Defendant Memorandum Sentence Document (Shorstein),"December 13, 2023 12:13 PM",Joshua%20CorrLinks%20Talk%2040c4680ad05544f28a21d2db3aa4d55f/CorrlinksPdf_(14).pdf,Ismaël,
12/12/2023 7:27:53 PM - IJC to JRG - The Egg story,"December 13, 2023 12:14 PM",Joshua%20CorrLinks%20Talk%2040c4680ad05544f28a21d2db3aa4d55f/CorrlinksPdf_(15).pdf,Ismaël,
"12/12/2023 7:29:57 PM - IJC to JRG - Bot that you followed - ","December 13, 2023 12:15 PM",Joshua%20CorrLinks%20Talk%2040c4680ad05544f28a21d2db3aa4d55f/CorrlinksPdf_(16).pdf,Ismaël,
12/13/2023 6:37:24 AM - IJC to Joshua - RE: Article you asked me : Alleged ringleaders ple,"December 13, 2023 1:38 PM",Joshua%20CorrLinks%20Talk%2040c4680ad05544f28a21d2db3aa4d55f/CorrlinksPdf_(17).pdf,,
12/13/2023 6:50:38 AM - JRG to IJC - RE: RE: Personas/Accounts That I Remember,"December 13, 2023 2:09 PM",Joshua%20CorrLinks%20Talk%2040c4680ad05544f28a21d2db3aa4d55f/CorrlinksPdf_(18).pdf,,
12/13/2023 6:51:00 AM - JRG to IJC - RE: More Guided Questions helped by the Defendant,"December 13, 2023 2:10 PM",Joshua%20CorrLinks%20Talk%2040c4680ad05544f28a21d2db3aa4d55f/CorrlinksPdf_(19).pdf,,