Name,tags,Date
Sentenced to 10 years in jail,,"June 25, 2018"
"Joshua plaide coupable ",,"December 20, 2017"
Il est déclaré inapte et part en traitement psy pour 4 mois,,"December 14, 2015"
Le juge demande un evaluation psycho,,"September 15, 2015"
Joshua est arreté,,"September 10, 2015"
/r/PhilosophieOfRape,,"September 27, 2014 → March 21, 2015"
L’ado de Melbourne est arreté,,"May 8, 2015"
Impersonate Caitlin Roper,,"May 20, 2015 → May 20, 2015"
Joshua discute avec l’infiltré du fbi,,"July 26, 2015 → September 10, 2015"
"Attaque à Garland, Texas",,"May 3, 2015"
Joshua appelle à attaquer l'event Draw Muhammed,,"May 1, 2015"
Campagne contre Miriam Veisazadeh,,"February 20, 2015"
Période d’activité de Tanya Cohen sur Thought catalogue,,"January 5, 2015 → May 1, 2015"
Article Tanya Cohen sur Feministing.co,,"September 5, 2015"
Impersonate Josh Bornstein,,"April 9, 2015"
Michael Slay as a Daily stormer Editor,,"February 22, 2015 → April 10, 2015"
Trolling Ben Garrison,,"January 1, 2008 → September 10, 2015"
Moonmetropolis and Ryoko tamada speak to Jillian C York,,"December 29, 2014 → February 10, 2015"
"Persona Emily Goldstein post article ",,"May 26, 2015"
/u/MayMayPoster,,"November 16, 2013 → August 25, 2014"
/u/Emily_Americana,,"March 7, 2014 → September 7, 2015"
Twitter Moon Metropolis,,"October 1, 2012 → September 11, 2015"