Name,Created,Tags
Capture d’écran (39),"August 7, 2023 12:14 PM",
Capture d’écran (40),"August 7, 2023 12:14 PM",
Capture d’écran (41),"August 7, 2023 12:14 PM",
Capture d’écran (42),"August 7, 2023 12:14 PM",
Capture d’écran (43),"August 7, 2023 12:14 PM",
Capture d’écran (44),"August 7, 2023 12:14 PM",
Capture d’écran (45),"August 7, 2023 12:14 PM",
Capture d’écran (46),"August 7, 2023 12:14 PM",
Capture d’écran (47),"August 7, 2023 12:14 PM",
Capture d’écran (48),"August 7, 2023 12:14 PM",
Capture d’écran (49),"August 7, 2023 12:14 PM",
Capture d’écran (50),"August 7, 2023 12:14 PM",
Capture d’écran (51),"August 7, 2023 12:14 PM",